{
  "id": "1978078",
  "name": "ucchip",
  "font_family": "iconfont",
  "css_prefix_text": "icon",
  "description": "",
  "glyphs": [
    {
      "icon_id": "16482416",
      "name": "chip3",
      "font_class": "chip3",
      "unicode": "e6ad",
      "unicode_decimal": 59053
    },
    {
      "icon_id": "11348977",
      "name": "down",
      "font_class": "down",
      "unicode": "e620",
      "unicode_decimal": 58912
    },
    {
      "icon_id": "459012",
      "name": "search",
      "font_class": "search",
      "unicode": "e62e",
      "unicode_decimal": 58926
    },
    {
      "icon_id": "16255212",
      "name": "finger",
      "font_class": "finger",
      "unicode": "e690",
      "unicode_decimal": 59024
    },
    {
      "icon_id": "16255213",
      "name": "niu",
      "font_class": "niu",
      "unicode": "e691",
      "unicode_decimal": 59025
    },
    {
      "icon_id": "16255214",
      "name": "linhuo",
      "font_class": "linhuo",
      "unicode": "e692",
      "unicode_decimal": 59026
    },
    {
      "icon_id": "16255215",
      "name": "check-shield",
      "font_class": "check-shield",
      "unicode": "e693",
      "unicode_decimal": 59027
    },
    {
      "icon_id": "16255216",
      "name": "light-on",
      "font_class": "light-on",
      "unicode": "e694",
      "unicode_decimal": 59028
    },
    {
      "icon_id": "16255217",
      "name": "tree-left",
      "font_class": "tree-left",
      "unicode": "e695",
      "unicode_decimal": 59029
    },
    {
      "icon_id": "16255218",
      "name": "goal",
      "font_class": "goal",
      "unicode": "e696",
      "unicode_decimal": 59030
    },
    {
      "icon_id": "16255219",
      "name": "shield",
      "font_class": "shield",
      "unicode": "e697",
      "unicode_decimal": 59031
    },
    {
      "icon_id": "16255220",
      "name": "roket",
      "font_class": "roket",
      "unicode": "e698",
      "unicode_decimal": 59032
    },
    {
      "icon_id": "16255221",
      "name": "persons",
      "font_class": "persons",
      "unicode": "e699",
      "unicode_decimal": 59033
    },
    {
      "icon_id": "16255222",
      "name": "flag",
      "font_class": "flag",
      "unicode": "e69a",
      "unicode_decimal": 59034
    },
    {
      "icon_id": "16255223",
      "name": "shield2",
      "font_class": "shield2",
      "unicode": "e69b",
      "unicode_decimal": 59035
    },
    {
      "icon_id": "16255224",
      "name": "mouse",
      "font_class": "mouse",
      "unicode": "e69c",
      "unicode_decimal": 59036
    },
    {
      "icon_id": "16255225",
      "name": "simple-build",
      "font_class": "simple-build",
      "unicode": "e69d",
      "unicode_decimal": 59037
    },
    {
      "icon_id": "16255226",
      "name": "place",
      "font_class": "place",
      "unicode": "e69e",
      "unicode_decimal": 59038
    },
    {
      "icon_id": "16255227",
      "name": "chip",
      "font_class": "chip",
      "unicode": "e69f",
      "unicode_decimal": 59039
    },
    {
      "icon_id": "16255228",
      "name": "car",
      "font_class": "car",
      "unicode": "e6a0",
      "unicode_decimal": 59040
    },
    {
      "icon_id": "16255229",
      "name": "stamp",
      "font_class": "stamp",
      "unicode": "e6a1",
      "unicode_decimal": 59041
    },
    {
      "icon_id": "16255230",
      "name": "gear",
      "font_class": "gear",
      "unicode": "e6a2",
      "unicode_decimal": 59042
    },
    {
      "icon_id": "16255231",
      "name": "medal",
      "font_class": "medal",
      "unicode": "e6a3",
      "unicode_decimal": 59043
    },
    {
      "icon_id": "16255232",
      "name": "fly",
      "font_class": "fly",
      "unicode": "e6a4",
      "unicode_decimal": 59044
    },
    {
      "icon_id": "16255233",
      "name": "hadoop",
      "font_class": "hadoop",
      "unicode": "e6a5",
      "unicode_decimal": 59045
    },
    {
      "icon_id": "16255234",
      "name": "zan",
      "font_class": "zan",
      "unicode": "e6a6",
      "unicode_decimal": 59046
    },
    {
      "icon_id": "16255235",
      "name": "open-lock",
      "font_class": "open-lock",
      "unicode": "e6a7",
      "unicode_decimal": 59047
    },
    {
      "icon_id": "16255236",
      "name": "manage",
      "font_class": "manage",
      "unicode": "e6a8",
      "unicode_decimal": 59048
    },
    {
      "icon_id": "16255237",
      "name": "play",
      "font_class": "play",
      "unicode": "e6a9",
      "unicode_decimal": 59049
    },
    {
      "icon_id": "16255238",
      "name": "city",
      "font_class": "city",
      "unicode": "e6aa",
      "unicode_decimal": 59050
    },
    {
      "icon_id": "16255194",
      "name": "trangle4",
      "font_class": "trangle4",
      "unicode": "e67e",
      "unicode_decimal": 59006
    },
    {
      "icon_id": "16255195",
      "name": "windwill",
      "font_class": "windwill",
      "unicode": "e67f",
      "unicode_decimal": 59007
    },
    {
      "icon_id": "16255196",
      "name": "target",
      "font_class": "target",
      "unicode": "e680",
      "unicode_decimal": 59008
    },
    {
      "icon_id": "16255197",
      "name": "y-shiled",
      "font_class": "y-shiled",
      "unicode": "e681",
      "unicode_decimal": 59009
    },
    {
      "icon_id": "16255198",
      "name": "tools",
      "font_class": "tools",
      "unicode": "e682",
      "unicode_decimal": 59010
    },
    {
      "icon_id": "16255199",
      "name": "upclock",
      "font_class": "upclock",
      "unicode": "e683",
      "unicode_decimal": 59011
    },
    {
      "icon_id": "16255200",
      "name": "AI",
      "font_class": "AI",
      "unicode": "e684",
      "unicode_decimal": 59012
    },
    {
      "icon_id": "16255201",
      "name": "edit",
      "font_class": "edit",
      "unicode": "e685",
      "unicode_decimal": 59013
    },
    {
      "icon_id": "16255202",
      "name": "cubet-warning",
      "font_class": "cubet-warning",
      "unicode": "e686",
      "unicode_decimal": 59014
    },
    {
      "icon_id": "16255203",
      "name": "dot-cubet",
      "font_class": "dot-cubet",
      "unicode": "e687",
      "unicode_decimal": 59015
    },
    {
      "icon_id": "16255204",
      "name": "girl",
      "font_class": "girl",
      "unicode": "e688",
      "unicode_decimal": 59016
    },
    {
      "icon_id": "16255205",
      "name": "圆规",
      "font_class": "yuangui",
      "unicode": "e689",
      "unicode_decimal": 59017
    },
    {
      "icon_id": "16255206",
      "name": "bed",
      "font_class": "bed",
      "unicode": "e68a",
      "unicode_decimal": 59018
    },
    {
      "icon_id": "16255207",
      "name": "leader",
      "font_class": "leader",
      "unicode": "e68b",
      "unicode_decimal": 59019
    },
    {
      "icon_id": "16255208",
      "name": "cubet-roket",
      "font_class": "cubet-roket",
      "unicode": "e68c",
      "unicode_decimal": 59020
    },
    {
      "icon_id": "16255209",
      "name": "eartag",
      "font_class": "eartag",
      "unicode": "e68d",
      "unicode_decimal": 59021
    },
    {
      "icon_id": "16255210",
      "name": "chip2",
      "font_class": "chip2",
      "unicode": "e68e",
      "unicode_decimal": 59022
    },
    {
      "icon_id": "16255211",
      "name": "person",
      "font_class": "person",
      "unicode": "e68f",
      "unicode_decimal": 59023
    }
  ]
}
